frame,processing_time_ms,detected_keypoints,confidence_scores
1,96.1904525756836,18,"[0.6696264147758484, 0.6338731646537781, 0.42030730843544006, 0.5483348965644836, 0.3329136073589325, 0.4554094970226288, 0.4491414725780487, 0.49427521228790283, 0.6309858560562134, 0.5743319392204285, 0.441744863986969, 0.5500593781471252, 0.5421720147132874, 0.7184757590293884, 0.7233004570007324, 0.3657270669937134, 0.510221540927887, 1.0058497190475464]"
2,85.62397956848145,17,"[0.7063313722610474, 0.6726978421211243, 0.5386507511138916, 0.3026980757713318, 0.4709925353527069, 0.4213835299015045, 0.5948360562324524, 0.4244673252105713, 0.37972891330718994, 0.5718606114387512, 0.6203016042709351, 0.7371795177459717, 0.761066734790802, 0.841649055480957, 0.7450346946716309, 0.377780556678772, 1.0082483291625977]"
3,75.83451271057129,14,"[0.43175479769706726, 0.5571764707565308, 0.21663521230220795, 0.4242641031742096, 0.5211178660392761, 0.6676310896873474, 0.39833778142929077, 0.46021997928619385, 0.3034304976463318, 0.4745921194553375, 0.4487294852733612, 0.368227481842041, 0.36106210947036743, 1.0008299350738525]"
4,77.63099670410156,14,"[0.429458886384964, 0.5729811191558838, 0.42915967106819153, 0.3417004346847534, 0.49453261494636536, 0.6265836358070374, 0.32241877913475037, 0.4655229449272156, 0.4781777262687683, 0.23976413905620575, 0.5425333976745605, 0.4130791127681732, 0.2893851697444916, 1.00566565990448]"
5,87.11910247802734,19,"[0.7678295373916626, 0.6774158477783203, 0.694176435470581, 0.61211758852005, 0.5273880362510681, 0.6195979118347168, 0.336005836725235, 0.35650449991226196, 0.5706868171691895, 0.8014839887619019, 0.5363442301750183, 0.5888643264770508, 0.668083906173706, 0.5221298933029175, 0.843192458152771, 0.8350753784179688, 0.617879331111908, 0.6732295751571655, 1.0062400102615356]"
6,90.18373489379883,18,"[0.7599675059318542, 0.7184054851531982, 0.7227013111114502, 0.6644309759140015, 0.38868558406829834, 0.5938062071800232, 0.6410567760467529, 0.5493608713150024, 0.6343004703521729, 0.6854324340820312, 0.5163092017173767, 0.7194124460220337, 0.6519762873649597, 0.8278898596763611, 0.7769804000854492, 0.7089493274688721, 0.764050304889679, 1.0148550271987915]"
