frame,processing_time_ms,detected_keypoints,confidence_scores
1,143.0809497833252,19,"[0.6820955872535706, 0.6115659475326538, 0.35354697704315186, 0.3612669110298157, 0.44529807567596436, 0.4034791588783264, 0.5328357815742493, 0.47453492879867554, 0.4832999110221863, 0.4575147330760956, 0.5332655310630798, 0.3460988402366638, 0.5270900130271912, 0.29971519112586975, 0.6594939231872559, 0.6713548898696899, 0.44637057185173035, 0.5367253422737122, 1.0058223009109497]"
2,97.08046913146973,17,"[0.7799153923988342, 0.7210812568664551, 0.5980411767959595, 0.37318629026412964, 0.5721402168273926, 0.5237523913383484, 0.502853274345398, 0.4814685583114624, 0.4258438050746918, 0.5597229599952698, 0.5985279083251953, 0.6540092825889587, 0.8184903264045715, 0.7681155800819397, 0.7585659623146057, 0.23439554870128632, 1.011367917060852]"
3,122.16830253601074,16,"[0.7363194823265076, 0.707866370677948, 0.5391958355903625, 0.5374054312705994, 0.1253993958234787, 0.3696134686470032, 0.5869724154472351, 0.627954363822937, 0.4039299488067627, 0.5616230964660645, 0.4833182096481323, 0.7837252616882324, 0.7749584913253784, 0.559182345867157, 0.5517826080322266, 1.0008188486099243]"
4,113.05642127990723,17,"[0.6772987842559814, 0.6417106986045837, 0.49929192662239075, 0.10468891263008118, 0.3810426890850067, 0.12381070852279663, 0.47489938139915466, 0.6508210301399231, 0.294571191072464, 0.4236796498298645, 0.40452155470848083, 0.2528405487537384, 0.7212246060371399, 0.6898311376571655, 0.5516331195831299, 0.35480183362960815, 1.0056657791137695]"
5,113.48128318786621,19,"[0.7624384164810181, 0.6886500716209412, 0.6824889779090881, 0.6490218639373779, 0.6016258001327515, 0.4970991909503937, 0.22399133443832397, 0.3007236421108246, 0.6016057729721069, 0.6783677339553833, 0.40803688764572144, 0.4828982949256897, 0.6469407081604004, 0.48479148745536804, 0.7849677205085754, 0.8179289102554321, 0.5575802326202393, 0.5833483338356018, 1.0071589946746826]"
6,116.5318489074707,18,"[0.7736218571662903, 0.7721095085144043, 0.6365618705749512, 0.6151682138442993, 0.334634006023407, 0.6065796613693237, 0.560732364654541, 0.5462345480918884, 0.4989682734012604, 0.4924095869064331, 0.4444856643676758, 0.49373504519462585, 0.5000421404838562, 0.7833534479141235, 0.7403275370597839, 0.7407904863357544, 0.7628933787345886, 1.0127650499343872]"
